[
  {
    "time_casa": "Internacional",
    "time_visitante": "Coritiba",
    "data": "19/04/2025",
    "hora": "16:00",
    "campeonato": "Brasileir\u00e3o S\u00e9rie A"
  },
  {
    "time_casa": "Fortaleza",
    "time_visitante": "Atl\u00e9tico-MG",
    "data": "19/04/2025",
    "hora": "19:00",
    "campeonato": "Brasileir\u00e3o S\u00e9rie A"
  },
  {
    "time_casa": "Vasco",
    "time_visitante": "Fluminense",
    "data": "20/04/2025",
    "hora": "16:00",
    "campeonato": "Brasileir\u00e3o S\u00e9rie A"
  },
  {
    "time_casa": "S\u00e3o Paulo",
    "time_visitante": "Palmeiras",
    "data": "20/04/2025",
    "hora": "18:30",
    "campeonato": "Brasileir\u00e3o S\u00e9rie A"
  },
  {
    "time_casa": "Flamengo",
    "time_visitante": "Botafogo",
    "data": "21/04/2025",
    "hora": "20:00",
    "campeonato": "Brasileir\u00e3o S\u00e9rie A"
  }
]